weights,kv,gpus,graph,name,repeat,status,tps,generated_tokens,nfe,generation_seconds,output_sha256,tokens_per_forward,forwards_per_second,output_matches_trial,error
bf16,bf16,4,False,bf16-bf16-4gpu-eager,1,passed,183.14039764650965,400,51,2.1841166948433965,35ac45d1c7f4e1547e8d682def2e7fefb6060766aa14601676265bd704284fd4,7.8431372549019605,23.35040069992998,False,
bf16,bf16,4,False,bf16-bf16-4gpu-eager,2,passed,185.27295799592417,400,51,2.158976702950895,35ac45d1c7f4e1547e8d682def2e7fefb6060766aa14601676265bd704284fd4,7.8431372549019605,23.622302144480333,False,
bf16,bf16,4,False,bf16-bf16-4gpu-eager,3,passed,171.75906783031917,400,51,2.3288435658905655,35ac45d1c7f4e1547e8d682def2e7fefb6060766aa14601676265bd704284fd4,7.8431372549019605,21.899281148365695,False,
bf16,bf16,4,False,bf16-bf16-4gpu-eager,4,passed,179.99228348765743,400,51,2.2223174918908626,35ac45d1c7f4e1547e8d682def2e7fefb6060766aa14601676265bd704284fd4,7.8431372549019605,22.949016144676325,False,
bf16,bf16,4,False,bf16-bf16-4gpu-eager,5,passed,181.8286304378151,400,51,2.1998735789675266,35ac45d1c7f4e1547e8d682def2e7fefb6060766aa14601676265bd704284fd4,7.8431372549019605,23.183150380821424,False,
bf16,bf16,4,True,bf16-bf16-4gpu-graph,1,passed,297.82008995687556,399,54,1.3397350059822202,e9726da6504dc0006b4078c7c6e389d69880c8d17e146623f47bb728b771f44c,7.388888888888889,40.30647834002827,True,
bf16,bf16,4,True,bf16-bf16-4gpu-graph,2,passed,297.07456492933954,399,54,1.3430971449706703,e9726da6504dc0006b4078c7c6e389d69880c8d17e146623f47bb728b771f44c,7.388888888888889,40.20558021600084,True,
bf16,bf16,4,True,bf16-bf16-4gpu-graph,3,passed,297.8789337650542,399,54,1.3394703511148691,e9726da6504dc0006b4078c7c6e389d69880c8d17e146623f47bb728b771f44c,7.388888888888889,40.314442163691545,True,
bf16,bf16,4,True,bf16-bf16-4gpu-graph,4,passed,296.79851674946894,399,54,1.3443463409785181,e9726da6504dc0006b4078c7c6e389d69880c8d17e146623f47bb728b771f44c,7.388888888888889,40.1682203119582,True,
bf16,bf16,4,True,bf16-bf16-4gpu-graph,5,passed,296.4788332146025,399,54,1.345795906148851,e9726da6504dc0006b4078c7c6e389d69880c8d17e146623f47bb728b771f44c,7.388888888888889,40.12495487114921,True,
fp8,bf16,2,False,fp8-bf16-2gpu-eager,1,passed,169.60806622234313,425,48,2.5057770509738475,3208952adfbf7ea3a243f2f6644f17c9da6e7bc55e7164240f388c0d8caac15b,8.854166666666666,19.155734538052872,True,
fp8,bf16,2,False,fp8-bf16-2gpu-eager,2,passed,165.47584014647651,425,48,2.5683507611975074,3208952adfbf7ea3a243f2f6644f17c9da6e7bc55e7164240f388c0d8caac15b,8.854166666666666,18.689036063602053,True,
fp8,bf16,2,False,fp8-bf16-2gpu-eager,3,passed,167.54806469446572,425,48,2.536585550988093,3208952adfbf7ea3a243f2f6644f17c9da6e7bc55e7164240f388c0d8caac15b,8.854166666666666,18.923075541963186,True,
fp8,bf16,2,False,fp8-bf16-2gpu-eager,4,passed,170.11279479107137,425,48,2.4983423529192805,3208952adfbf7ea3a243f2f6644f17c9da6e7bc55e7164240f388c0d8caac15b,8.854166666666666,19.212739176403357,True,
fp8,bf16,2,False,fp8-bf16-2gpu-eager,5,passed,168.33471655148816,425,48,2.5247317291796207,3208952adfbf7ea3a243f2f6644f17c9da6e7bc55e7164240f388c0d8caac15b,8.854166666666666,19.011920928168074,True,
fp8,bf16,2,True,fp8-bf16-2gpu-graph,1,passed,366.6046755257316,415,52,1.132009566994384,821663c4e8b08394819a065ac4b3f71c2ae636bf097f0919a1a537e9eb1ffd66,7.980769230769231,45.936007535754314,True,
fp8,bf16,2,True,fp8-bf16-2gpu-graph,2,passed,362.8552143124237,415,52,1.1437068660743535,821663c4e8b08394819a065ac4b3f71c2ae636bf097f0919a1a537e9eb1ffd66,7.980769230769231,45.46619552830369,True,
fp8,bf16,2,True,fp8-bf16-2gpu-graph,3,passed,367.9393707413942,415,52,1.1279032172169536,821663c4e8b08394819a065ac4b3f71c2ae636bf097f0919a1a537e9eb1ffd66,7.980769230769231,46.10324645434337,True,
fp8,bf16,2,True,fp8-bf16-2gpu-graph,4,passed,366.74332374782426,415,52,1.131581607973203,821663c4e8b08394819a065ac4b3f71c2ae636bf097f0919a1a537e9eb1ffd66,7.980769230769231,45.95338032502858,True,
fp8,bf16,2,True,fp8-bf16-2gpu-graph,5,passed,366.29177760949227,415,52,1.1329765650443733,821663c4e8b08394819a065ac4b3f71c2ae636bf097f0919a1a537e9eb1ffd66,7.980769230769231,45.89680104986409,True,
fp8,bf16,4,False,fp8-bf16-4gpu-eager,1,passed,185.72661556263992,425,44,2.288309614174068,342259e4633586476eb5098c2a00b7ca27c0a22bd65c516aebad36e80cc88cc7,9.659090909090908,19.22816725824978,True,
fp8,bf16,4,False,fp8-bf16-4gpu-eager,2,passed,184.71387850629299,425,44,2.300855807028711,342259e4633586476eb5098c2a00b7ca27c0a22bd65c516aebad36e80cc88cc7,9.659090909090908,19.123319186533863,True,
fp8,bf16,4,False,fp8-bf16-4gpu-eager,3,passed,187.3293711983548,425,44,2.2687312581110746,342259e4633586476eb5098c2a00b7ca27c0a22bd65c516aebad36e80cc88cc7,9.659090909090908,19.39409960641791,True,
fp8,bf16,4,False,fp8-bf16-4gpu-eager,4,passed,182.70847703798748,425,44,2.3261099150404334,342259e4633586476eb5098c2a00b7ca27c0a22bd65c516aebad36e80cc88cc7,9.659090909090908,18.915701152168115,True,
fp8,bf16,4,False,fp8-bf16-4gpu-eager,5,passed,182.06829037806278,425,44,2.334288958925754,342259e4633586476eb5098c2a00b7ca27c0a22bd65c516aebad36e80cc88cc7,9.659090909090908,18.8494230038465,True,
fp8,bf16,4,True,fp8-bf16-4gpu-graph,1,passed,456.2174274508253,402,52,0.8811587980017066,d675f407c50acb8c33bb307d3f0e9e95221a6720e7a1b3ece6febfa325f5f692,7.730769230769231,59.01319957075352,True,
fp8,bf16,4,True,fp8-bf16-4gpu-graph,2,passed,454.2361101905117,402,52,0.8850022950209677,d675f407c50acb8c33bb307d3f0e9e95221a6720e7a1b3ece6febfa325f5f692,7.730769230769231,58.75690977588708,True,
fp8,bf16,4,True,fp8-bf16-4gpu-graph,3,passed,494.13758836424614,418,49,0.8459182418882847,61f5976c4b5de7f13adf68d56f4822262903eae80047dfd9cd03bc66af6dac8d,8.53061224489796,57.92521968863172,False,
fp8,bf16,4,True,fp8-bf16-4gpu-graph,4,passed,455.6920951506275,402,52,0.8821746180765331,d675f407c50acb8c33bb307d3f0e9e95221a6720e7a1b3ece6febfa325f5f692,7.730769230769231,58.94524613888714,True,
fp8,bf16,4,True,fp8-bf16-4gpu-graph,5,passed,454.2887259949008,402,52,0.8848997938912362,d675f407c50acb8c33bb307d3f0e9e95221a6720e7a1b3ece6febfa325f5f692,7.730769230769231,58.763715800335426,True,
fp8,fp8_e4m3,2,False,fp8-fp8_e4m3-2gpu-eager,1,passed,126.13185860107464,395,48,3.1316433800384402,d4a49d5e70b127a06bf81b123342f9a2473e4f60c5ab7e7428dc8c5a4d4ac311,8.229166666666666,15.327415728738185,True,
fp8,fp8_e4m3,2,False,fp8-fp8_e4m3-2gpu-eager,2,passed,127.32301608241264,395,48,3.102345610037446,d4a49d5e70b127a06bf81b123342f9a2473e4f60c5ab7e7428dc8c5a4d4ac311,8.229166666666666,15.472163979634955,True,
fp8,fp8_e4m3,2,False,fp8-fp8_e4m3-2gpu-eager,3,passed,126.31523774679383,395,48,3.1270969919860363,d4a49d5e70b127a06bf81b123342f9a2473e4f60c5ab7e7428dc8c5a4d4ac311,8.229166666666666,15.34969977682558,True,
fp8,fp8_e4m3,2,False,fp8-fp8_e4m3-2gpu-eager,4,passed,121.40613091400857,395,48,3.253542444901541,d4a49d5e70b127a06bf81b123342f9a2473e4f60c5ab7e7428dc8c5a4d4ac311,8.229166666666666,14.75315008575294,True,
fp8,fp8_e4m3,2,False,fp8-fp8_e4m3-2gpu-eager,5,passed,125.8219036714818,395,48,3.1393580010626465,d4a49d5e70b127a06bf81b123342f9a2473e4f60c5ab7e7428dc8c5a4d4ac311,8.229166666666666,15.289750319572473,True,
fp8,fp8_e4m3,2,True,fp8-fp8_e4m3-2gpu-graph,1,passed,271.8392497881594,395,60,1.4530646339990199,6b8faff17097ee2ad6cabfe163bc0568797662ed4b586566a33457a5bebef22b,6.583333333333333,41.292037942505225,False,
fp8,fp8_e4m3,2,True,fp8-fp8_e4m3-2gpu-graph,2,passed,271.74104847933177,395,60,1.4535897399764508,6b8faff17097ee2ad6cabfe163bc0568797662ed4b586566a33457a5bebef22b,6.583333333333333,41.27712128799976,False,
fp8,fp8_e4m3,2,True,fp8-fp8_e4m3-2gpu-graph,3,passed,269.8787193509688,395,60,1.4636204030830413,6b8faff17097ee2ad6cabfe163bc0568797662ed4b586566a33457a5bebef22b,6.583333333333333,40.99423585078008,False,
fp8,fp8_e4m3,2,True,fp8-fp8_e4m3-2gpu-graph,4,passed,272.3449552058612,395,60,1.4503665019292384,6b8faff17097ee2ad6cabfe163bc0568797662ed4b586566a33457a5bebef22b,6.583333333333333,41.36885395532068,False,
fp8,fp8_e4m3,2,True,fp8-fp8_e4m3-2gpu-graph,5,passed,273.6369292479257,395,60,1.4435186109039932,6b8faff17097ee2ad6cabfe163bc0568797662ed4b586566a33457a5bebef22b,6.583333333333333,41.56510317690011,False,
fp8,fp8_e4m3,4,False,fp8-fp8_e4m3-4gpu-eager,1,passed,101.4174717462253,361,55,3.5595444629434496,eecbb8e0dd2a7e8d03a2e6575d109c9397d66d5e50429a9f319a09ef3c30ed94,6.5636363636363635,15.451415362998313,True,
fp8,fp8_e4m3,4,False,fp8-fp8_e4m3-4gpu-eager,2,passed,101.92588764252397,361,55,3.5417891209945083,eecbb8e0dd2a7e8d03a2e6575d109c9397d66d5e50429a9f319a09ef3c30ed94,6.5636363636363635,15.528874848583985,True,
fp8,fp8_e4m3,4,False,fp8-fp8_e4m3-4gpu-eager,3,passed,100.6882558511739,361,55,3.585323799168691,eecbb8e0dd2a7e8d03a2e6575d109c9397d66d5e50429a9f319a09ef3c30ed94,6.5636363636363635,15.340315988405996,True,
fp8,fp8_e4m3,4,False,fp8-fp8_e4m3-4gpu-eager,4,passed,100.17653552778309,361,55,3.6036382981110364,eecbb8e0dd2a7e8d03a2e6575d109c9397d66d5e50429a9f319a09ef3c30ed94,6.5636363636363635,15.2623530582495,True,
fp8,fp8_e4m3,4,False,fp8-fp8_e4m3-4gpu-eager,5,passed,102.32953666380119,361,55,3.527818182017654,eecbb8e0dd2a7e8d03a2e6575d109c9397d66d5e50429a9f319a09ef3c30ed94,6.5636363636363635,15.590372621908768,True,
fp8,fp8_e4m3,4,True,fp8-fp8_e4m3-4gpu-graph,1,passed,403.1560369409955,412,47,1.021936824079603,08b7fcf9c31e33e3f670abf9412ece9eb18d83a8243ed20cd06859ccdcb250bd,8.76595744680851,45.991101301521326,True,
fp8,fp8_e4m3,4,True,fp8-fp8_e4m3-4gpu-graph,2,passed,403.93329023398917,412,47,1.0199704009573907,08b7fcf9c31e33e3f670abf9412ece9eb18d83a8243ed20cd06859ccdcb250bd,8.76595744680851,46.079768546110415,True,
fp8,fp8_e4m3,4,True,fp8-fp8_e4m3-4gpu-graph,3,passed,403.7462280276328,412,47,1.0204429698642343,08b7fcf9c31e33e3f670abf9412ece9eb18d83a8243ed20cd06859ccdcb250bd,8.76595744680851,46.05842892548238,True,
fp8,fp8_e4m3,4,True,fp8-fp8_e4m3-4gpu-graph,4,passed,404.075586796707,412,47,1.019611214986071,08b7fcf9c31e33e3f670abf9412ece9eb18d83a8243ed20cd06859ccdcb250bd,8.76595744680851,46.096001406420456,True,
fp8,fp8_e4m3,4,True,fp8-fp8_e4m3-4gpu-graph,5,passed,402.96028904053304,412,47,1.0224332551006228,08b7fcf9c31e33e3f670abf9412ece9eb18d83a8243ed20cd06859ccdcb250bd,8.76595744680851,45.968770837148185,True,
